"Date","Price","Open","High","Low","Change %"
"Aug 27, 2020","10.205","10.200","10.215","10.195","0.15%"
"Aug 26, 2020","10.190","10.165","10.205","10.135","0.25%"
"Aug 25, 2020","10.165","10.205","10.205","10.130","-0.39%"
"Aug 24, 2020","10.205","10.145","10.235","10.130","0.54%"
"Aug 21, 2020","10.150","10.160","10.205","10.130","-0.10%"
"Aug 20, 2020","10.160","10.240","10.245","10.145","-0.49%"
"Aug 19, 2020","10.210","10.225","10.255","10.200","-0.24%"
"Aug 18, 2020","10.235","10.220","10.250","10.170","0.24%"
"Aug 17, 2020","10.210","10.095","10.230","10.095","0.94%"
"Aug 14, 2020","10.115","10.195","10.200","10.095","-0.83%"
"Aug 13, 2020","10.200","10.225","10.290","10.180","-0.24%"
"Aug 12, 2020","10.225","10.195","10.245","10.160","-0.10%"
"Aug 11, 2020","10.235","10.180","10.235","10.160","0.64%"
"Aug 07, 2020","10.170","10.230","10.250","10.160","-0.64%"
"Aug 06, 2020","10.235","10.245","10.270","10.215","0.00%"
"Aug 05, 2020","10.235","10.285","10.290","10.220","-0.53%"
"Aug 04, 2020","10.290","10.230","10.320","10.170","0.54%"
"Aug 03, 2020","10.235","10.190","10.325","10.170","0.64%"
"Aug 01, 2020","10.170","10.170","10.170","10.170","0.00%"
"Jul 31, 2020","10.170","10.225","10.235","10.120","-0.54%"
"Jul 30, 2020","10.225","10.175","10.275","10.175","0.49%"
"Jul 29, 2020","10.175","10.110","10.225","10.055","0.64%"
"Jul 28, 2020","10.110","10.050","10.155","10.020","0.35%"
"Jul 27, 2020","10.075","10.115","10.140","10.030","-0.40%"
"Jul 24, 2020","10.115","10.040","10.170","10.035","0.75%"
"Jul 23, 2020","10.040","10.145","10.210","9.985","-1.03%"
"Jul 22, 2020","10.145","10.275","10.305","10.100","-1.31%"
"Jul 21, 2020","10.280","10.395","10.395","10.235","-1.01%"
"Jul 20, 2020","10.385","10.340","10.405","10.340","0.29%"
"Jul 19, 2020","10.355","10.325","10.355","10.325","-0.05%"
"Jul 17, 2020","10.360","10.285","10.360","10.285","0.68%"
"Jul 16, 2020","10.290","10.295","10.345","10.250","0.00%"
"Jul 15, 2020","10.290","10.330","10.345","10.230","-0.29%"
"Jul 14, 2020","10.320","10.330","10.440","10.290","-0.05%"
"Jul 13, 2020","10.325","10.380","10.395","10.290","-0.53%"
"Jul 12, 2020","10.380","10.380","10.380","10.380","-0.14%"
"Jul 10, 2020","10.395","10.550","10.575","10.335","-1.38%"
"Jul 09, 2020","10.540","10.615","10.615","10.530","-0.75%"
"Jul 08, 2020","10.620","10.590","10.660","10.590","0.09%"
"Jul 07, 2020","10.610","10.475","10.680","10.475","1.63%"
"Jul 06, 2020","10.440","10.340","10.520","10.315","0.92%"
"Jul 03, 2020","10.345","10.165","10.435","10.150","1.87%"
"Jul 02, 2020","10.155","10.135","10.190","10.090","0.35%"
"Jul 01, 2020","10.120","10.170","10.190","10.080","-0.39%"
"Jun 30, 2020","10.160","10.075","10.180","10.055","0.99%"
"Jun 29, 2020","10.060","10.075","10.110","9.985","-0.05%"
"Jun 27, 2020","10.065","10.065","10.065","10.065","0.05%"
"Jun 26, 2020","10.060","10.030","10.133","9.880","-0.15%"
"Jun 25, 2020","10.075","10.080","10.220","10.060","-0.05%"
"Jun 24, 2020","10.080","10.225","10.325","10.060","-1.66%"
"Jun 23, 2020","10.250","10.170","10.275","10.150","0.69%"
"Jun 22, 2020","10.180","10.090","10.280","10.080","0.59%"
"Jun 19, 2020","10.120","10.195","10.260","10.060","-0.74%"
"Jun 18, 2020","10.195","10.295","10.345","10.140","-0.97%"
"Jun 17, 2020","10.295","10.245","10.315","10.190","0.59%"
"Jun 16, 2020","10.235","10.235","10.235","10.235","-0.05%"
"Jun 15, 2020","10.240","10.110","10.260","10.075","1.29%"
"Jun 12, 2020","10.110","10.025","10.155","10.010","0.85%"
"Jun 11, 2020","10.025","9.995","10.065","9.925","0.50%"
"Jun 10, 2020","9.975","10.030","10.045","9.960","-0.65%"
"Jun 09, 2020","10.040","9.935","10.040","9.870","1.01%"
"Jun 08, 2020","9.940","9.785","9.940","9.755","1.58%"
"Jun 05, 2020","9.785","9.640","9.860","9.585","1.56%"
"Jun 04, 2020","9.635","9.545","9.635","9.517","1.05%"
"Jun 03, 2020","9.535","9.605","9.655","9.505","-0.78%"
"Jun 02, 2020","9.610","9.600","9.650","9.525","0.16%"
"Jun 01, 2020","9.595","9.715","9.730","9.585","-1.24%"
"May 29, 2020","9.715","9.745","9.850","9.680","0.10%"
"May 28, 2020","9.705","9.715","9.795","9.665","-0.26%"
"May 27, 2020","9.730","9.785","9.850","9.715","-0.56%"
"May 26, 2020","9.785","9.845","9.845","9.720","-0.15%"
"May 25, 2020","9.800","9.785","9.925","9.780","-0.81%"
"May 22, 2020","9.880","9.665","10.045","9.655","2.17%"
"May 21, 2020","9.670","9.890","9.915","9.655","-1.98%"
"May 20, 2020","9.865","10.140","10.275","9.845","-2.71%"
"May 19, 2020","10.140","10.055","11.995","9.840","1.20%"
"May 18, 2020","10.020","10.405","10.415","10.020","-3.47%"
"May 15, 2020","10.380","10.395","10.525","10.280","0.39%"
"May 14, 2020","10.340","10.140","10.450","10.140","1.97%"
"May 13, 2020","10.140","10.040","10.185","10.030","1.20%"
"May 12, 2020","10.020","10.125","10.220","9.910","-1.18%"
"May 11, 2020","10.140","9.970","10.170","9.895","1.65%"
"May 08, 2020","9.975","10.125","10.135","9.860","-1.24%"
"May 07, 2020","10.100","10.405","10.405","10.050","-2.93%"
"May 06, 2020","10.405","10.425","10.560","10.290","0.43%"
"May 05, 2020","10.360","10.725","10.770","10.360","-3.81%"
"May 04, 2020","10.770","10.805","10.885","10.730","0.09%"
"May 03, 2020","10.760","10.760","10.760","10.760","-0.42%"
"May 01, 2020","10.805","10.805","10.805","10.805","0.42%"
"Apr 30, 2020","10.760","11.010","11.010","10.685","-2.18%"
"Apr 29, 2020","11.000","11.290","11.290","11.000","-2.22%"
"Apr 28, 2020","11.250","11.425","11.455","11.250","-1.53%"
"Apr 24, 2020","11.425","11.355","11.445","11.330","0.93%"
"Apr 23, 2020","11.320","11.300","11.510","11.020","0.18%"
"Apr 22, 2020","11.300","10.820","11.300","10.730","4.44%"
"Apr 21, 2020","10.820","10.775","10.860","10.765","0.46%"
"Apr 20, 2020","10.770","10.840","10.900","10.670","-0.65%"
"Apr 17, 2020","10.840","10.950","10.975","10.750","-1.00%"
"Apr 16, 2020","10.950","11.055","11.075","10.920","-0.86%"
"Apr 15, 2020","11.045","10.890","11.085","10.860","1.52%"
"Apr 14, 2020","10.880","11.250","11.400","10.880","-3.29%"
"Apr 09, 2020","11.250","11.395","11.410","11.230","-1.36%"
"Apr 08, 2020","11.405","11.400","11.465","11.390","0.31%"
"Apr 07, 2020","11.370","11.710","11.710","11.300","-3.07%"
"Apr 06, 2020","11.730","12.010","12.010","11.720","-1.01%"
"Apr 03, 2020","11.850","11.595","11.860","11.590","2.07%"
"Apr 02, 2020","11.610","11.650","11.680","11.370","1.13%"
"Apr 01, 2020","11.480","11.520","11.630","11.290","0.66%"
"Mar 31, 2020","11.405","12.010","12.085","11.325","-5.04%"
"Mar 30, 2020","12.010","12.940","12.940","11.990","-0.25%"
"Mar 29, 2020","12.040","12.040","12.040","12.040","-0.04%"
"Mar 28, 2020","12.045","12.045","12.045","12.045","0.00%"
"Mar 27, 2020","12.045","11.960","12.085","11.930","1.39%"
"Mar 26, 2020","11.880","12.035","12.175","11.875","-2.10%"
"Mar 25, 2020","12.135","12.860","12.860","11.430","-5.71%"
"Mar 24, 2020","12.870","12.890","13.760","12.850","0.47%"
"Mar 23, 2020","12.810","12.200","12.830","12.200","5.09%"
"Mar 20, 2020","12.190","12.465","12.660","11.765","-0.81%"
"Mar 19, 2020","12.290","11.950","12.290","11.440","4.29%"
"Mar 18, 2020","11.785","11.290","12.335","11.280","4.38%"
"Mar 17, 2020","11.290","11.290","11.290","11.290","0.18%"
"Mar 16, 2020","11.270","11.270","11.270","11.270","7.33%"
"Mar 13, 2020","10.500","10.500","10.500","10.500","1.84%"
"Mar 12, 2020","10.310","10.310","10.310","10.310","5.42%"
"Mar 11, 2020","9.780","9.780","9.780","9.780","1.03%"
"Mar 10, 2020","9.680","9.680","9.680","9.680","-0.05%"
"Mar 09, 2020","9.685","9.685","9.685","9.685","1.95%"
"Mar 08, 2020","9.500","9.500","9.500","9.500","0.00%"
"Mar 06, 2020","9.500","9.500","9.500","9.500","1.50%"
"Mar 05, 2020","9.360","9.360","9.360","9.360","0.48%"
"Mar 04, 2020","9.315","9.315","9.315","9.315","-0.05%"
"Mar 03, 2020","9.320","9.320","9.320","9.320","-2.87%"
"Mar 02, 2020","9.595","9.595","9.595","9.595","0.58%"
"Feb 28, 2020","9.540","9.540","9.540","9.540","3.02%"
"Feb 27, 2020","9.260","9.260","9.260","9.260","1.62%"
"Feb 26, 2020","9.112","9.112","9.112","9.112","-1.17%"
"Feb 25, 2020","9.220","9.220","9.220","9.220","-0.27%"
"Feb 24, 2020","9.245","9.245","9.245","9.245","0.22%"
"Feb 21, 2020","9.225","9.225","9.225","9.225","-0.43%"
"Feb 20, 2020","9.265","9.265","9.265","9.265","-0.54%"
"Feb 19, 2020","9.315","9.315","9.315","9.315","-0.32%"
"Feb 18, 2020","9.345","9.345","9.345","9.345","0.21%"
"Feb 17, 2020","9.325","9.325","9.325","9.325","0.48%"
"Feb 14, 2020","9.280","9.280","9.280","9.280","-0.48%"
"Feb 13, 2020","9.325","9.325","9.325","9.325","0.11%"
"Feb 12, 2020","9.315","9.315","9.315","9.315","-0.05%"
"Feb 11, 2020","9.320","9.320","9.320","9.320","-0.27%"
"Feb 10, 2020","9.345","9.345","9.345","9.345","0.27%"
"Feb 08, 2020","9.320","9.320","9.320","9.320","0.00%"
"Feb 07, 2020","9.320","9.320","9.320","9.320","0.49%"
"Feb 06, 2020","9.275","9.275","9.275","9.275","-0.16%"
"Feb 05, 2020","9.290","9.290","9.290","9.290","-0.48%"
"Feb 04, 2020","9.335","9.335","9.335","9.335","0.00%"
"Feb 03, 2020","9.335","9.335","9.335","9.335","-0.59%"
"Jan 31, 2020","9.390","9.390","9.390","9.390","-0.37%"
"Jan 30, 2020","9.425","9.425","9.425","9.425","0.05%"
"Jan 29, 2020","9.420","9.420","9.420","9.420","-0.63%"
"Jan 28, 2020","9.480","9.480","9.480","9.480","0.21%"
"Jan 27, 2020","9.460","9.460","9.460","9.460","0.58%"
"Jan 24, 2020","9.405","9.405","9.405","9.405","-0.05%"
"Jan 23, 2020","9.410","9.410","9.410","9.410","0.37%"
"Jan 22, 2020","9.375","9.375","9.375","9.375","-0.05%"
"Jan 21, 2020","9.380","9.380","9.380","9.380","1.96%"
"Jan 20, 2020","9.200","9.200","9.200","9.200","-0.38%"
"Jan 17, 2020","9.235","9.235","9.235","9.235","0.11%"
"Jan 16, 2020","9.225","9.225","9.225","9.225","-0.43%"
"Jan 15, 2020","9.265","9.265","9.265","9.265","0.00%"
"Jan 14, 2020","9.265","9.265","9.265","9.265","-0.38%"
"Jan 13, 2020","9.300","9.300","9.300","9.300","0.59%"
"Jan 10, 2020","9.245","9.245","9.245","9.245","-0.22%"
"Jan 09, 2020","9.265","9.265","9.265","9.265","0.11%"
"Jan 08, 2020","9.255","9.255","9.255","9.255","-0.05%"
"Jan 07, 2020","9.260","9.260","9.260","9.260","0.33%"
"Jan 06, 2020","9.230","9.230","9.230","9.230","-0.38%"
"Jan 03, 2020","9.265","9.265","9.265","9.265","0.65%"
"Jan 02, 2020","9.205","9.205","9.205","9.205","-0.49%"
"Dec 31, 2019","9.250","9.250","9.250","9.250","0.43%"
"Dec 30, 2019","9.210","9.210","9.210","9.210","0.49%"
"Dec 27, 2019","9.165","9.165","9.165","9.165","-0.70%"
"Dec 24, 2019","9.230","9.230","9.230","9.230","-0.22%"
"Dec 23, 2019","9.250","9.250","9.250","9.250","-0.05%"
"Dec 20, 2019","9.255","9.255","9.255","9.255","-0.32%"
"Dec 19, 2019","9.285","9.285","9.285","9.285","-0.43%"
"Dec 18, 2019","9.325","9.325","9.325","9.325","-0.16%"
"Dec 17, 2019","9.340","9.340","9.340","9.340","-0.16%"
"Dec 13, 2019","9.355","9.355","9.355","9.355","-0.27%"
"Dec 12, 2019","9.380","9.380","9.380","9.380","-0.37%"
"Dec 11, 2019","9.415","9.415","9.415","9.415","-0.48%"
"Dec 10, 2019","9.460","9.460","9.460","9.460","0.75%"
"Dec 09, 2019","9.390","9.390","9.390","9.390","-0.32%"
"Dec 06, 2019","9.420","9.420","9.420","9.420","-0.21%"
"Dec 05, 2019","9.440","9.440","9.440","9.440","0.21%"
"Dec 04, 2019","9.420","9.420","9.420","9.420","-0.69%"
"Dec 03, 2019","9.485","9.485","9.485","9.485","0.32%"
"Dec 02, 2019","9.455","9.455","9.455","9.455","0.16%"
"Nov 29, 2019","9.440","9.440","9.440","9.440","-0.11%"
"Nov 28, 2019","9.450","9.450","9.450","9.450","0.43%"
"Nov 27, 2019","9.410","9.410","9.410","9.410","-0.58%"
"Nov 26, 2019","9.465","9.465","9.465","9.465","0.05%"
"Nov 25, 2019","9.460","9.460","9.460","9.460","0.75%"
"Nov 22, 2019","9.390","9.390","9.390","9.390","0.97%"
"Nov 21, 2019","9.300","9.300","9.300","9.300","0.00%"
"Nov 20, 2019","9.300","9.300","9.300","9.300","0.00%"
"Nov 19, 2019","9.300","9.300","9.300","9.300","-0.43%"
"Nov 18, 2019","9.340","9.340","9.340","9.340","0.48%"
"Nov 15, 2019","9.295","9.295","9.295","9.295","-0.48%"
"Nov 14, 2019","9.340","9.340","9.340","9.340","-0.21%"
"Nov 13, 2019","9.360","9.360","9.360","9.360","-0.21%"
"Nov 12, 2019","9.380","9.380","9.380","9.380","-0.27%"
"Nov 11, 2019","9.405","9.405","9.405","9.405","0.43%"
"Nov 08, 2019","9.365","9.365","9.365","9.365","0.38%"
"Nov 07, 2019","9.330","9.330","9.330","9.330","0.05%"
"Nov 06, 2019","9.325","9.325","9.325","9.325","0.27%"
"Nov 05, 2019","9.300","9.300","9.300","9.300","-0.11%"
"Nov 04, 2019","9.310","9.310","9.310","9.310","-1.85%"
"Nov 01, 2019","9.485","9.485","9.485","9.485","0.74%"
"Oct 31, 2019","9.415","9.415","9.415","9.415","0.70%"
"Oct 30, 2019","9.350","9.350","9.350","9.350","2.69%"
"Oct 29, 2019","9.105","9.105","9.105","9.105","0.39%"
"Oct 28, 2019","9.070","9.070","9.070","9.070","0.17%"
"Oct 25, 2019","9.055","9.055","9.055","9.055","-0.60%"
"Oct 24, 2019","9.110","9.110","9.110","9.110","0.16%"
"Oct 23, 2019","9.095","9.095","9.095","9.095","0.00%"
"Oct 22, 2019","9.095","9.095","9.095","9.095","-0.82%"
"Oct 21, 2019","9.170","9.170","9.170","9.170","0.44%"
"Oct 18, 2019","9.130","9.130","9.130","9.130","0.16%"
"Oct 17, 2019","9.115","9.115","9.115","9.115","-0.55%"
"Oct 16, 2019","9.165","9.165","9.165","9.165","0.33%"
"Oct 15, 2019","9.135","9.135","9.135","9.135","0.16%"
"Oct 14, 2019","9.120","9.120","9.120","9.120","-0.22%"
"Oct 11, 2019","9.140","9.140","9.140","9.140","0.27%"
"Oct 10, 2019","9.115","9.115","9.115","9.115","-0.11%"
"Oct 09, 2019","9.125","9.125","9.125","9.125","-0.44%"
"Oct 08, 2019","9.165","9.165","9.165","9.165","0.71%"
"Oct 07, 2019","9.100","9.100","9.100","9.100","0.33%"
"Oct 04, 2019","9.070","9.070","9.070","9.070","-0.71%"
"Oct 03, 2019","9.135","9.135","9.135","9.135","-0.38%"
"Oct 02, 2019","9.170","9.170","9.170","9.170","-0.60%"
"Oct 01, 2019","9.225","9.225","9.225","9.225","0.16%"
"Sep 30, 2019","9.210","9.210","9.210","9.210","0.22%"
"Sep 27, 2019","9.190","9.190","9.190","9.190","-0.05%"
"Sep 26, 2019","9.195","9.195","9.195","9.195","-0.59%"
"Sep 25, 2019","9.250","9.250","9.250","9.250","0.93%"
"Sep 23, 2019","9.165","9.165","9.165","9.165","0.00%"
"Sep 20, 2019","9.165","9.165","9.165","9.165","0.71%"
"Sep 19, 2019","9.100","9.100","9.100","9.100","-0.11%"
"Sep 18, 2019","9.110","9.110","9.110","9.110","-0.49%"
"Sep 17, 2019","9.155","9.155","9.155","9.155","0.38%"
"Sep 16, 2019","9.120","9.120","9.120","9.120","0.94%"
"Sep 13, 2019","9.035","9.035","9.035","9.035","0.44%"
"Sep 12, 2019","8.995","8.995","8.995","8.995","-0.83%"
"Sep 11, 2019","9.070","9.070","9.070","9.070","0.39%"
"Sep 10, 2019","9.035","9.035","9.035","9.035","-0.06%"
"Sep 09, 2019","9.040","9.040","9.040","9.040","-0.22%"
"Sep 06, 2019","9.060","9.060","9.060","9.060","0.17%"
"Sep 05, 2019","9.045","9.045","9.045","9.045","0.39%"
"Sep 04, 2019","9.010","9.010","9.010","9.010","-0.72%"
"Sep 03, 2019","9.075","9.075","9.075","9.075","-0.27%"
"Sep 02, 2019","9.100","9.100","9.100","9.100","-0.71%"
"Aug 30, 2019","9.165","9.165","9.165","9.165","0.44%"
"Aug 29, 2019","9.125","9.125","9.125","9.125","0.00%"
"Aug 28, 2019","9.125","9.125","9.125","9.125","-0.27%"
"Aug 27, 2019","9.150","9.150","9.150","9.150","-0.60%"
"Aug 26, 2019","9.205","9.205","9.205","9.205","-0.11%"
"Aug 23, 2019","9.215","9.215","9.215","9.215","0.00%"
"Aug 22, 2019","9.215","9.215","9.215","9.215","0.05%"
"Aug 21, 2019","9.210","9.210","9.210","9.210","-1.23%"
"Aug 20, 2019","9.325","9.325","9.325","9.325","-0.48%"
"Aug 19, 2019","9.370","9.370","9.370","9.370","0.59%"
"Aug 16, 2019","9.315","9.315","9.315","9.315","-0.53%"
"Aug 15, 2019","9.365","9.365","9.365","9.365","-0.21%"
"Aug 14, 2019","9.385","9.385","9.385","9.385","0.54%"
"Aug 13, 2019","9.335","9.335","9.335","9.335","-0.74%"
"Aug 12, 2019","9.405","9.405","9.405","9.405","1.18%"
"Aug 08, 2019","9.295","9.295","9.295","9.295","0.27%"
"Aug 07, 2019","9.270","9.270","9.270","9.270","-0.38%"
"Aug 06, 2019","9.305","9.305","9.305","9.305","0.00%"
"Aug 05, 2019","9.305","9.305","9.305","9.305","0.98%"
"Aug 02, 2019","9.215","9.215","9.215","9.215","-0.22%"
"Aug 01, 2019","9.235","9.235","9.235","9.235","0.33%"
"Jul 31, 2019","9.205","9.205","9.205","9.205","0.11%"
"Jul 30, 2019","9.195","9.195","9.195","9.195","-0.11%"
"Jul 29, 2019","9.205","9.205","9.205","9.205","-0.59%"
"Jul 26, 2019","9.260","9.260","9.260","9.260","2.26%"
"Jul 25, 2019","9.055","9.055","9.055","9.055","0.95%"
"Jul 24, 2019","8.970","8.970","8.970","8.970","0.45%"
"Jul 23, 2019","8.930","8.930","8.930","8.930","0.85%"
"Jul 22, 2019","8.855","8.855","8.855","8.855","0.06%"
"Jul 19, 2019","8.850","8.850","8.850","8.850","0.45%"
"Jul 18, 2019","8.810","8.810","8.810","8.810","-0.84%"
"Jul 17, 2019","8.885","8.885","8.885","8.885","-0.22%"
"Jul 16, 2019","8.905","8.905","8.905","8.905","0.00%"
"Jul 15, 2019","8.905","8.905","8.905","8.905","-0.61%"
"Jul 12, 2019","8.960","8.960","8.960","8.960","0.79%"
"Jul 11, 2019","8.890","8.890","8.890","8.890","-0.67%"
"Jul 10, 2019","8.950","8.950","8.950","8.950","0.00%"
"Jul 09, 2019","8.950","8.950","8.950","8.950","-0.33%"
"Jul 08, 2019","8.980","8.980","8.980","8.980","-0.50%"
"Jul 05, 2019","9.025","9.025","9.025","9.025","0.61%"
"Jul 04, 2019","8.970","8.970","8.970","8.970","-0.39%"
"Jul 03, 2019","9.005","9.005","9.005","9.005","-0.55%"
"Jul 02, 2019","9.055","9.055","9.055","9.055","0.22%"
"Jul 01, 2019","9.035","9.035","9.035","9.035","0.17%"
"Jun 28, 2019","9.020","9.020","9.020","9.020","-0.61%"
"Jun 27, 2019","9.075","9.075","9.075","9.075","0.06%"
"Jun 26, 2019","9.070","9.070","9.070","9.070","-0.82%"
"Jun 25, 2019","9.145","9.145","9.145","9.145","0.00%"
"Jun 24, 2019","9.145","9.145","9.145","9.145","0.88%"
"Jun 21, 2019","9.065","9.065","9.065","9.065","1.00%"
"Jun 20, 2019","8.975","8.975","8.975","8.975","-1.32%"
"Jun 19, 2019","9.095","9.095","9.095","9.095","-0.82%"
"Jun 18, 2019","9.170","9.170","9.170","9.170","-1.03%"
"Jun 14, 2019","9.265","9.265","9.265","9.265","-0.16%"
"Jun 13, 2019","9.280","9.280","9.280","9.280","0.27%"
"Jun 12, 2019","9.255","9.255","9.255","9.255","0.33%"
"Jun 11, 2019","9.225","9.225","9.225","9.225","-1.07%"
"Jun 10, 2019","9.325","9.325","9.325","9.325","-0.53%"
"Jun 07, 2019","9.375","9.375","9.375","9.375","0.59%"
"Jun 05, 2019","9.320","9.320","9.320","9.320","0.22%"
"Jun 04, 2019","9.300","9.300","9.300","9.300","0.92%"
"Jun 03, 2019","9.215","9.215","9.215","9.215","-0.59%"
"May 31, 2019","9.270","9.270","9.270","9.270","-0.05%"
"May 30, 2019","9.275","9.275","9.275","9.275","0.05%"
"May 29, 2019","9.270","9.270","9.270","9.270","0.43%"
"May 28, 2019","9.230","9.230","9.230","9.230","0.49%"
"May 27, 2019","9.185","9.185","9.185","9.185","0.44%"
"May 24, 2019","9.145","9.145","9.145","9.145","0.00%"
"May 23, 2019","9.145","9.145","9.145","9.145","-5.87%"
"May 22, 2019","9.715","9.715","9.715","9.715","4.97%"
"May 21, 2019","9.255","9.255","9.255","9.255","-0.32%"
"May 20, 2019","9.285","9.285","9.285","9.285","-0.11%"
"May 17, 2019","9.295","9.295","9.295","9.295","0.65%"
"May 16, 2019","9.235","9.235","9.235","9.235","0.49%"
"May 15, 2019","9.190","9.190","9.190","9.190","-0.59%"
"May 14, 2019","9.245","9.245","9.245","9.245","-0.16%"
"May 13, 2019","9.260","9.260","9.260","9.260","0.87%"
"May 10, 2019","9.180","9.180","9.180","9.180","-1.08%"
"May 09, 2019","9.280","9.280","9.280","9.280","-0.32%"
"May 07, 2019","9.310","9.310","9.310","9.310","0.22%"
"May 06, 2019","9.290","9.290","9.290","9.290","0.16%"
"May 03, 2019","9.275","9.275","9.275","9.275","-0.54%"
"May 02, 2019","9.325","9.325","9.325","9.325","0.81%"
"Apr 30, 2019","9.250","9.250","9.250","9.250","0.16%"
"Apr 29, 2019","9.235","9.235","9.235","9.235","-0.22%"
"Apr 26, 2019","9.255","9.255","9.255","9.255","-0.43%"
"Apr 25, 2019","9.295","9.295","9.295","9.295","0.38%"
"Apr 24, 2019","9.260","9.260","9.260","9.260","0.49%"
"Apr 23, 2019","9.215","9.215","9.215","9.215","1.04%"
"Apr 18, 2019","9.120","9.120","9.120","9.120","-0.27%"
"Apr 17, 2019","9.145","9.145","9.145","9.145","-0.49%"
"Apr 16, 2019","9.190","9.190","9.190","9.190","0.38%"
"Apr 15, 2019","9.155","9.155","9.155","9.155","-0.11%"
"Apr 12, 2019","9.165","9.165","9.165","9.165","-0.05%"
"Apr 11, 2019","9.170","9.170","9.170","9.170","0.49%"
"Apr 10, 2019","9.125","9.125","9.125","9.125","-0.44%"
"Apr 09, 2019","9.165","9.165","9.165","9.165","-0.33%"
"Apr 08, 2019","9.195","9.195","9.195","9.195","0.11%"
"Apr 05, 2019","9.185","9.185","9.185","9.185","-0.33%"
"Apr 04, 2019","9.215","9.215","9.215","9.215","0.11%"
"Apr 03, 2019","9.205","9.205","9.205","9.205","0.16%"
"Apr 02, 2019","9.190","9.190","9.190","9.190","0.16%"
"Apr 01, 2019","9.175","9.175","9.175","9.175","-1.18%"
"Mar 29, 2019","9.285","9.285","9.285","9.285","-1.12%"
"Mar 28, 2019","9.390","9.390","9.390","9.390","-0.21%"
"Mar 27, 2019","9.410","9.410","9.410","9.410","-0.11%"
"Mar 26, 2019","9.420","9.420","9.420","9.420","0.43%"
"Mar 25, 2019","9.380","9.380","9.380","9.380","-0.42%"
"Mar 22, 2019","9.420","9.420","9.420","9.420","0.05%"
"Mar 20, 2019","9.415","9.415","9.415","9.415","-0.21%"
"Mar 19, 2019","9.435","9.435","9.435","9.435","0.80%"
"Mar 18, 2019","9.360","9.360","9.360","9.360","0.32%"
"Mar 15, 2019","9.330","9.330","9.330","9.330","-0.90%"
"Mar 14, 2019","9.415","9.415","9.415","9.415","0.59%"
"Mar 13, 2019","9.360","9.360","9.360","9.360","0.43%"
"Mar 12, 2019","9.320","9.320","9.320","9.320","0.22%"
"Mar 11, 2019","9.300","9.300","9.300","9.300","0.00%"
"Mar 08, 2019","9.300","9.300","9.300","9.300","-0.21%"
"Mar 07, 2019","9.320","9.320","9.320","9.320","0.00%"
"Mar 06, 2019","9.320","9.320","9.320","9.320","0.16%"
"Mar 05, 2019","9.305","9.305","9.305","9.305","-0.85%"
"Mar 04, 2019","9.385","9.385","9.385","9.385","-0.27%"
"Mar 01, 2019","9.410","9.410","9.410","9.410","0.59%"
"Feb 28, 2019","9.355","9.355","9.355","9.355","0.48%"
"Feb 27, 2019","9.310","9.310","9.310","9.310","0.00%"
"Feb 26, 2019","9.310","9.310","9.310","9.310","-0.69%"
"Feb 25, 2019","9.375","9.375","9.375","9.375","-0.32%"
"Feb 22, 2019","9.405","9.405","9.405","9.405","-0.90%"
"Feb 21, 2019","9.490","9.490","9.490","9.490","-0.05%"
"Feb 20, 2019","9.495","9.495","9.495","9.495","-0.37%"
"Feb 19, 2019","9.530","9.530","9.530","9.530","0.32%"
"Feb 18, 2019","9.500","9.500","9.500","9.500","-0.26%"
"Feb 15, 2019","9.525","9.525","9.525","9.525","-0.78%"
"Feb 14, 2019","9.600","9.600","9.600","9.600","0.68%"
"Feb 13, 2019","9.535","9.535","9.535","9.535","1.17%"
"Feb 12, 2019","9.425","9.425","9.425","9.425","0.16%"
"Feb 11, 2019","9.410","9.410","9.410","9.410","1.73%"
"Feb 08, 2019","9.250","9.250","9.250","9.250","0.00%"
"Feb 07, 2019","9.250","9.250","9.250","9.250","0.00%"
"Feb 06, 2019","9.250","9.250","9.250","9.250","0.43%"
"Feb 05, 2019","9.210","9.210","9.210","9.210","-0.75%"
"Feb 04, 2019","9.280","9.280","9.280","9.280","0.49%"
"Feb 01, 2019","9.235","9.235","9.235","9.235","0.05%"
"Jan 31, 2019","9.230","9.230","9.230","9.230","-1.60%"
"Jan 30, 2019","9.380","9.380","9.380","9.380","1.08%"
"Jan 29, 2019","9.280","9.280","9.280","9.280","-0.11%"
"Jan 28, 2019","9.290","9.290","9.290","9.290","0.43%"
"Jan 25, 2019","9.250","9.250","9.250","9.250","-0.59%"
"Jan 24, 2019","9.305","9.305","9.305","9.305","-0.69%"
"Jan 23, 2019","9.370","9.370","9.370","9.370","0.00%"
"Jan 22, 2019","9.370","9.370","9.370","9.370","-0.37%"
"Jan 21, 2019","9.405","9.405","9.405","9.405","0.11%"
"Jan 18, 2019","9.395","9.395","9.395","9.395","1.08%"
"Jan 17, 2019","9.295","9.295","9.295","9.295","0.22%"
"Jan 16, 2019","9.275","9.275","9.275","9.275","-0.27%"
"Jan 15, 2019","9.300","9.300","9.300","9.300","-0.05%"
"Jan 14, 2019","9.305","9.305","9.305","9.305","0.43%"
"Jan 11, 2019","9.265","9.265","9.265","9.265","-0.05%"
"Jan 10, 2019","9.270","9.270","9.270","9.270","-0.05%"
"Jan 09, 2019","9.275","9.275","9.275","9.275","-0.38%"
"Jan 08, 2019","9.310","9.310","9.310","9.310","0.54%"
"Jan 07, 2019","9.260","9.260","9.260","9.260","-0.27%"
"Jan 04, 2019","9.285","9.285","9.285","9.285","-0.59%"
"Jan 03, 2019","9.340","9.340","9.340","9.340","-1.06%"
"Jan 02, 2019","9.440","9.440","9.440","9.440","0.48%"
"Dec 31, 2018","9.395","9.395","9.395","9.395","-0.21%"
"Dec 28, 2018","9.415","9.415","9.415","9.415","-0.37%"
"Dec 27, 2018","9.450","9.450","9.450","9.450","-0.74%"
"Dec 24, 2018","9.520","9.520","9.520","9.520","0.00%"
"Dec 21, 2018","9.520","9.520","9.520","9.520","0.00%"
"Dec 20, 2018","9.520","9.520","9.520","9.520","-0.63%"
"Dec 19, 2018","9.580","9.580","9.580","9.580","-0.73%"
"Dec 18, 2018","9.650","9.650","9.650","9.650","-0.97%"
"Dec 14, 2018","9.745","9.745","9.745","9.745","0.62%"
"Dec 13, 2018","9.685","9.685","9.685","9.685","0.10%"
"Dec 12, 2018","9.675","9.675","9.675","9.675","0.10%"
"Dec 11, 2018","9.665","9.665","9.665","9.665","0.16%"
"Dec 10, 2018","9.650","9.650","9.650","9.650","1.37%"
"Dec 07, 2018","9.520","9.520","9.520","9.520","-0.26%"
"Dec 06, 2018","9.545","9.545","9.545","9.545","1.06%"
"Dec 05, 2018","9.445","9.445","9.445","9.445","0.59%"
"Dec 04, 2018","9.390","9.390","9.390","9.390","0.27%"
"Dec 03, 2018","9.365","9.365","9.365","9.365","-0.37%"
"Nov 30, 2018","9.400","9.400","9.400","9.400","0.43%"
"Nov 29, 2018","9.360","9.360","9.360","9.360","-1.32%"
"Nov 28, 2018","9.485","9.485","9.485","9.485","0.37%"
"Nov 27, 2018","9.450","9.450","9.450","9.450","0.37%"
"Nov 26, 2018","9.415","9.415","9.415","9.415","0.32%"
"Nov 23, 2018","9.385","9.385","9.385","9.385","0.00%"
"Nov 22, 2018","9.385","9.385","9.385","9.385","-1.16%"
"Nov 21, 2018","9.495","9.495","9.495","9.495","-0.99%"
"Nov 20, 2018","9.590","9.590","9.590","9.590","0.31%"
"Nov 19, 2018","9.560","9.560","9.560","9.560","-0.05%"
"Nov 16, 2018","9.565","9.565","9.565","9.565","-0.62%"
"Nov 15, 2018","9.625","9.625","9.625","9.625","0.05%"
"Nov 14, 2018","9.620","9.620","9.620","9.620","-0.72%"
"Nov 13, 2018","9.690","9.690","9.690","9.690","0.26%"
"Nov 12, 2018","9.665","9.665","9.665","9.665","0.26%"
"Nov 09, 2018","9.640","9.640","9.640","9.640","0.36%"
"Nov 08, 2018","9.605","9.605","9.605","9.605","0.84%"
"Nov 07, 2018","9.525","9.525","9.525","9.525","-0.73%"
"Nov 06, 2018","9.595","9.595","9.595","9.595","-0.16%"
"Nov 05, 2018","9.610","9.610","9.610","9.610","-0.36%"
"Nov 02, 2018","9.645","9.645","9.645","9.645","-0.98%"
"Nov 01, 2018","9.740","9.740","9.740","9.740","-0.92%"
"Oct 31, 2018","9.830","9.830","9.830","9.830","1.13%"
"Oct 30, 2018","9.720","9.720","9.720","9.720","0.47%"
"Oct 29, 2018","9.675","9.675","9.675","9.675","-0.87%"
"Oct 26, 2018","9.760","9.760","9.760","9.760","-0.51%"
"Oct 25, 2018","9.810","9.810","9.810","9.810","0.56%"
"Oct 24, 2018","9.755","9.755","9.755","9.755","1.83%"
"Oct 23, 2018","9.580","9.580","9.580","9.580","0.21%"
"Oct 22, 2018","9.560","9.560","9.560","9.560","-0.73%"
"Oct 19, 2018","9.630","9.630","9.630","9.630","0.47%"
"Oct 18, 2018","9.585","9.585","9.585","9.585","0.42%"
"Oct 17, 2018","9.545","9.545","9.545","9.545","-0.37%"
"Oct 16, 2018","9.580","9.580","9.580","9.580","-0.57%"
"Oct 15, 2018","9.635","9.635","9.635","9.635","-0.16%"
"Oct 12, 2018","9.650","9.650","9.650","9.650","-0.21%"
"Oct 11, 2018","9.670","9.670","9.670","9.670","0.36%"
"Oct 10, 2018","9.635","9.635","9.635","9.635","-0.05%"
"Oct 09, 2018","9.640","9.640","9.640","9.640","-0.62%"
"Oct 08, 2018","9.700","9.700","9.700","9.700","0.52%"
"Oct 05, 2018","9.650","9.650","9.650","9.650","0.36%"
"Oct 04, 2018","9.615","9.615","9.615","9.615","1.10%"
"Oct 03, 2018","9.510","9.510","9.510","9.510","0.00%"
"Oct 02, 2018","9.510","9.510","9.510","9.510","0.63%"
"Oct 01, 2018","9.450","9.450","9.450","9.450","0.48%"
"Sep 28, 2018","9.405","9.405","9.405","9.405","0.11%"
"Sep 27, 2018","9.395","9.395","9.395","9.395","-0.84%"
"Sep 26, 2018","9.475","9.475","9.475","9.475","-0.89%"
"Sep 25, 2018","9.560","9.560","9.560","9.560","0.68%"
"Sep 21, 2018","9.495","9.495","9.495","9.495","-0.05%"
"Sep 20, 2018","9.500","9.500","9.500","9.500","0.05%"
"Sep 19, 2018","9.495","9.495","9.495","9.495","-1.15%"
"Sep 18, 2018","9.605","9.605","9.605","9.605","-0.41%"
"Sep 17, 2018","9.645","9.645","9.645","9.645","0.73%"
"Sep 14, 2018","9.575","9.575","9.575","9.575","0.68%"
"Sep 13, 2018","9.510","9.510","9.510","9.510","-0.83%"
"Sep 12, 2018","9.590","9.590","9.590","9.590","-0.05%"
"Sep 11, 2018","9.595","9.595","9.595","9.595","-0.31%"
"Sep 10, 2018","9.625","9.625","9.625","9.625","0.94%"
"Sep 07, 2018","9.535","9.535","9.535","9.535","-0.42%"
"Sep 06, 2018","9.575","9.575","9.575","9.575","-0.26%"
"Sep 05, 2018","9.600","9.600","9.600","9.600","0.00%"
"Sep 04, 2018","9.600","9.600","9.600","9.600","2.24%"
"Sep 03, 2018","9.390","9.390","9.390","9.390","0.27%"
"Aug 31, 2018","9.365","9.365","9.365","9.365","-0.69%"
"Aug 30, 2018","9.430","9.430","9.430","9.430","1.07%"
"Aug 29, 2018","9.330","9.330","9.330","9.330","0.54%"
"Aug 28, 2018","9.280","9.280","9.280","9.280","0.05%"
"Aug 27, 2018","9.275","9.275","9.275","9.275","-0.32%"
"Aug 24, 2018","9.305","9.305","9.305","9.305","-0.48%"
"Aug 23, 2018","9.350","9.350","9.350","9.350","0.00%"
"Aug 22, 2018","9.350","9.350","9.350","9.350","-0.43%"
"Aug 21, 2018","9.390","9.390","9.390","9.390","-0.48%"
"Aug 20, 2018","9.435","9.435","9.435","9.435","0.00%"
"Aug 17, 2018","9.435","9.435","9.435","9.435","0.32%"
"Aug 16, 2018","9.405","9.405","9.405","9.405","-0.27%"
"Aug 15, 2018","9.430","9.430","9.430","9.430","0.75%"
"Aug 14, 2018","9.360","9.360","9.360","9.360","-1.11%"
"Aug 13, 2018","9.465","9.465","9.465","9.465","2.05%"
"Aug 10, 2018","9.275","9.275","9.275","9.275","1.76%"
"Aug 08, 2018","9.115","9.115","9.115","9.115","0.11%"
"Aug 07, 2018","9.105","9.105","9.105","9.105","-0.55%"
"Aug 06, 2018","9.155","9.155","9.155","9.155","0.60%"
"Aug 03, 2018","9.100","9.100","9.100","9.100","0.05%"
"Aug 02, 2018","9.095","9.095","9.095","9.095","0.94%"
"Aug 01, 2018","9.010","9.010","9.010","9.010","0.28%"
"Jul 31, 2018","8.985","8.985","8.985","8.985","0.00%"
"Jul 30, 2018","8.985","8.985","8.985","8.985","0.00%"
"Jul 27, 2018","8.985","8.985","8.985","8.985","-0.44%"
"Jul 26, 2018","9.025","9.025","9.025","9.025","0.00%"
"Jul 25, 2018","9.025","9.025","9.025","9.025","-0.77%"
"Jul 24, 2018","9.095","9.095","9.095","9.095","-0.66%"
"Jul 23, 2018","9.155","9.155","9.155","9.155","0.55%"
"Jul 20, 2018","9.105","9.105","9.105","9.105","-0.27%"
"Jul 19, 2018","9.130","9.130","9.130","9.130","0.66%"
"Jul 18, 2018","9.070","9.070","9.070","9.070","0.17%"
"Jul 17, 2018","9.055","9.055","9.055","9.055","-0.44%"
"Jul 16, 2018","9.095","9.095","9.095","9.095","-0.27%"
"Jul 13, 2018","9.120","9.120","9.120","9.120","0.05%"
"Jul 12, 2018","9.115","9.115","9.115","9.115","0.11%"
"Jul 11, 2018","9.105","9.105","9.105","9.105","0.39%"
"Jul 10, 2018","9.070","9.070","9.070","9.070","0.55%"
"Jul 09, 2018","9.020","9.020","9.020","9.020","-0.33%"
"Jul 06, 2018","9.050","9.050","9.050","9.050","-0.82%"
"Jul 05, 2018","9.125","9.125","9.125","9.125","-0.22%"
"Jul 04, 2018","9.145","9.145","9.145","9.145","-1.03%"
"Jul 03, 2018","9.240","9.240","9.240","9.240","-0.70%"
"Jul 02, 2018","9.305","9.305","9.305","9.305","0.65%"
"Jun 29, 2018","9.245","9.245","9.245","9.245","-1.02%"
"Jun 28, 2018","9.340","9.340","9.340","9.340","0.27%"
"Jun 27, 2018","9.315","9.315","9.315","9.315","0.22%"
"Jun 26, 2018","9.295","9.295","9.295","9.295","-0.38%"
"Jun 25, 2018","9.330","9.330","9.330","9.330","0.54%"
"Jun 22, 2018","9.280","9.280","9.280","9.280","-0.54%"
"Jun 21, 2018","9.330","9.330","9.330","9.330","-1.11%"
"Jun 20, 2018","9.435","9.435","9.435","9.435","-1.46%"
"Jun 19, 2018","9.575","9.575","9.575","9.575","0.68%"
"Jun 18, 2018","9.510","9.510","9.510","9.510","0.79%"
"Jun 15, 2018","9.435","9.435","9.435","9.435","0.64%"
"Jun 14, 2018","9.375","9.375","9.375","9.375","-0.21%"
"Jun 13, 2018","9.395","9.395","9.395","9.395","-0.27%"
"Jun 12, 2018","9.420","9.420","9.420","9.420","0.16%"
"Jun 11, 2018","9.405","9.405","9.405","9.405","0.37%"
"Jun 08, 2018","9.370","9.370","9.370","9.370","1.24%"
"Jun 07, 2018","9.255","9.255","9.255","9.255","1.48%"
"Jun 06, 2018","9.120","9.120","9.120","9.120","0.33%"
"Jun 05, 2018","9.090","9.090","9.090","9.090","1.00%"
"Jun 04, 2018","9.000","9.000","9.000","9.000","-0.39%"
"Jun 01, 2018","9.035","9.035","9.035","9.035","0.72%"
"May 31, 2018","8.970","8.970","8.970","8.970","0.11%"
"May 30, 2018","8.960","8.960","8.960","8.960","0.11%"
"May 29, 2018","8.950","8.950","8.950","8.950","0.96%"
"May 28, 2018","8.865","8.865","8.865","8.865","-0.11%"
"May 25, 2018","8.875","8.875","8.875","8.875","-0.11%"
"May 24, 2018","8.885","8.885","8.885","8.885","-0.67%"
"May 23, 2018","8.945","8.945","8.945","8.945","-0.22%"
"May 22, 2018","8.965","8.965","8.965","8.965","-1.32%"
"May 21, 2018","9.085","9.085","9.085","9.085","0.44%"
"May 18, 2018","9.045","9.045","9.045","9.045","1.23%"
"May 17, 2018","8.935","8.935","8.935","8.935","0.45%"
"May 16, 2018","8.895","8.895","8.895","8.895","-0.17%"
"May 15, 2018","8.910","8.910","8.910","8.910","1.65%"
"May 14, 2018","8.765","8.765","8.765","8.765","-0.06%"
"May 11, 2018","8.770","8.770","8.770","8.770","-0.51%"
"May 10, 2018","8.815","8.815","8.815","8.815","-0.79%"
"May 09, 2018","8.885","8.885","8.885","8.885","0.91%"
"May 08, 2018","8.805","8.805","8.805","8.805","0.80%"
"May 07, 2018","8.735","8.735","8.735","8.735","-0.46%"
"May 04, 2018","8.775","8.775","8.775","8.775","0.34%"
"May 03, 2018","8.745","8.745","8.745","8.745","0.34%"
"May 02, 2018","8.715","8.715","8.715","8.715","1.57%"
"Apr 30, 2018","8.580","8.580","8.580","8.580","-0.23%"
"Apr 26, 2018","8.600","8.600","8.600","8.600","-1.04%"
"Apr 25, 2018","8.690","8.690","8.690","8.690","0.58%"
"Apr 24, 2018","8.640","8.640","8.640","8.640","0.99%"
"Apr 23, 2018","8.555","8.555","8.555","8.555","1.66%"
"Apr 20, 2018","8.415","8.415","8.415","8.415","0.12%"
"Apr 19, 2018","8.405","8.405","8.405","8.405","-0.18%"
"Apr 18, 2018","8.420","8.420","8.420","8.420","-0.59%"
"Apr 17, 2018","8.470","8.470","8.470","8.470","0.00%"
"Apr 16, 2018","8.470","8.470","8.470","8.470","0.06%"
"Apr 13, 2018","8.465","8.465","8.465","8.465","-0.18%"
"Apr 12, 2018","8.480","8.480","8.480","8.480","-0.18%"
"Apr 11, 2018","8.495","8.495","8.495","8.495","-0.06%"
"Apr 10, 2018","8.500","8.500","8.500","8.500","0.29%"
"Apr 09, 2018","8.475","8.475","8.475","8.475","0.30%"
"Apr 06, 2018","8.450","8.450","8.450","8.450","0.12%"
"Apr 05, 2018","8.440","8.440","8.440","8.440","-0.30%"
"Apr 04, 2018","8.465","8.465","8.465","8.465","0.65%"
"Apr 03, 2018","8.410","8.410","8.410","8.410","0.48%"
"Mar 29, 2018","8.370","8.370","8.370","8.370","0.84%"
"Mar 28, 2018","8.300","8.300","8.300","8.300","0.18%"
"Mar 27, 2018","8.285","8.285","8.285","8.285","-0.30%"
"Mar 26, 2018","8.310","8.310","8.310","8.310","-1.07%"
"Mar 23, 2018","8.400","8.400","8.400","8.400","-0.30%"
"Mar 22, 2018","8.425","8.425","8.425","8.425","-1.00%"
"Mar 20, 2018","8.510","8.510","8.510","8.510","-1.56%"
"Mar 19, 2018","8.645","8.645","8.645","8.645","0.41%"
"Mar 16, 2018","8.610","8.610","8.610","8.610","0.23%"
"Mar 15, 2018","8.590","8.590","8.590","8.590","0.76%"
"Mar 14, 2018","8.525","8.525","8.525","8.525","-0.18%"
"Mar 13, 2018","8.540","8.540","8.540","8.540","0.41%"
"Mar 12, 2018","8.505","8.505","8.505","8.505","-0.06%"
"Mar 09, 2018","8.510","8.510","8.510","8.510","-0.23%"
"Mar 08, 2018","8.530","8.530","8.530","8.530","-0.41%"
"Mar 07, 2018","8.565","8.565","8.565","8.565","0.12%"
"Mar 06, 2018","8.555","8.555","8.555","8.555","-1.21%"
"Mar 05, 2018","8.660","8.660","8.660","8.660","0.00%"
"Mar 02, 2018","8.660","8.660","8.660","8.660","0.81%"
"Mar 01, 2018","8.590","8.590","8.590","8.590","-0.06%"
"Feb 28, 2018","8.595","8.595","8.595","8.595","0.64%"
"Feb 27, 2018","8.540","8.540","8.540","8.540","1.01%"
"Feb 26, 2018","8.455","8.455","8.455","8.455","-0.35%"
"Feb 23, 2018","8.485","8.485","8.485","8.485","0.12%"
"Feb 22, 2018","8.475","8.475","8.475","8.475","0.77%"
"Feb 21, 2018","8.410","8.410","8.410","8.410","-1.64%"
"Feb 20, 2018","8.550","8.550","8.550","8.550","-0.18%"
"Feb 19, 2018","8.565","8.565","8.565","8.565","-0.35%"
"Feb 16, 2018","8.595","8.595","8.595","8.595","-1.66%"
"Feb 15, 2018","8.740","8.740","8.740","8.740","-1.80%"
"Feb 14, 2018","8.900","8.900","8.900","8.900","-0.61%"
"Feb 13, 2018","8.955","8.955","8.955","8.955","0.73%"
"Feb 12, 2018","8.890","8.890","8.890","8.890","-0.73%"
"Feb 09, 2018","8.955","8.955","8.955","8.955","0.28%"
"Feb 08, 2018","8.930","8.930","8.930","8.930","0.34%"
"Feb 07, 2018","8.900","8.900","8.900","8.900","-0.89%"
"Feb 06, 2018","8.980","8.980","8.980","8.980","-0.33%"
"Feb 05, 2018","9.010","9.010","9.010","9.010","0.17%"
"Feb 02, 2018","8.995","8.995","8.995","8.995","0.45%"
"Feb 01, 2018","8.955","8.955","8.955","8.955","-0.33%"
"Jan 31, 2018","8.985","8.985","8.985","8.985","-0.94%"
"Jan 30, 2018","9.070","9.070","9.070","9.070","0.17%"
"Jan 29, 2018","9.055","9.055","9.055","9.055","1.40%"
"Jan 26, 2018","8.930","8.930","8.930","8.930","0.22%"
"Jan 25, 2018","8.910","8.910","8.910","8.910","0.22%"
"Jan 24, 2018","8.890","8.890","8.890","8.890","0.06%"
"Jan 23, 2018","8.885","8.885","8.885","8.885","-0.67%"
"Jan 22, 2018","8.945","8.945","8.945","8.945","-1.05%"
"Jan 19, 2018","9.040","9.040","9.040","9.040","-0.06%"
"Jan 18, 2018","9.045","9.045","9.045","9.045","0.28%"
"Jan 17, 2018","9.020","9.020","9.020","9.020","0.00%"
"Jan 16, 2018","9.020","9.020","9.020","9.020","-0.50%"
"Jan 15, 2018","9.065","9.065","9.065","9.065","-0.66%"
"Jan 12, 2018","9.125","9.125","9.125","9.125","-0.11%"
"Jan 11, 2018","9.135","9.135","9.135","9.135","-0.60%"
"Jan 10, 2018","9.190","9.190","9.190","9.190","0.55%"
"Jan 09, 2018","9.140","9.140","9.140","9.140","-0.38%"
"Jan 08, 2018","9.175","9.175","9.175","9.175","0.27%"
"Jan 05, 2018","9.150","9.150","9.150","9.150","0.27%"
"Jan 04, 2018","9.125","9.125","9.125","9.125","-0.82%"
"Jan 03, 2018","9.200","9.200","9.200","9.200","0.22%"
"Jan 02, 2018","9.180","9.180","9.180","9.180","0.00%"
"Dec 29, 2017","9.180","9.180","9.180","9.180","0.38%"
"Dec 28, 2017","9.145","9.145","9.145","9.145","-1.56%"
"Dec 27, 2017","9.290","9.290","9.290","9.290","-0.05%"
"Dec 22, 2017","9.295","9.295","9.295","9.295","0.32%"
"Dec 21, 2017","9.265","9.265","9.265","9.265","1.04%"
"Dec 20, 2017","9.170","9.170","9.170","9.170","0.05%"
"Dec 19, 2017","9.165","9.165","9.165","9.165","-1.66%"
"Dec 18, 2017","9.320","9.320","9.320","9.320","-2.36%"
"Dec 15, 2017","9.545","9.545","9.545","9.545","-1.85%"
"Dec 14, 2017","9.725","9.725","9.725","9.725","0.31%"
"Dec 13, 2017","9.695","9.695","9.695","9.695","-0.41%"
"Dec 12, 2017","9.735","9.735","9.735","9.735","0.57%"
"Dec 11, 2017","9.680","9.680","9.680","9.680","-0.51%"
"Dec 08, 2017","9.730","9.730","9.730","9.730","0.15%"
"Dec 07, 2017","9.715","9.715","9.715","9.715","0.83%"
"Dec 06, 2017","9.635","9.635","9.635","9.635","0.00%"
"Dec 05, 2017","9.635","9.635","9.635","9.635","-0.62%"
"Dec 04, 2017","9.695","9.695","9.695","9.695","-1.02%"
"Dec 01, 2017","9.795","9.795","9.795","9.795","-0.15%"
"Nov 30, 2017","9.810","9.810","9.810","9.810","0.46%"
"Nov 29, 2017","9.765","9.765","9.765","9.765","1.40%"
"Nov 28, 2017","9.630","9.630","9.630","9.630","-0.57%"
"Nov 27, 2017","9.685","9.685","9.685","9.685","-1.32%"
"Nov 24, 2017","9.815","9.815","9.815","9.815","-0.10%"
"Nov 23, 2017","9.825","9.825","9.825","9.825","-0.66%"
"Nov 22, 2017","9.890","9.890","9.890","9.890","-0.40%"
"Nov 21, 2017","9.930","9.930","9.930","9.930","0.20%"
"Nov 20, 2017","9.910","9.910","9.910","9.910","0.76%"
"Nov 17, 2017","9.835","9.835","9.835","9.835","-0.10%"